feature	importance
avg_name_address	0.39524978
address_digit_overlap	0.14677429
weighted_similarity	0.10742556
address_token_set	0.059344985
address_token_sort	0.05536058
address_jaccard	0.04402584
name_token_set	0.026310557
name_token_sort	0.023425907
name_jaccard	0.021526143
name_partial	0.020739641
address_length_ratio	0.015716173
address_partial	0.015549194
address_ratio	0.014414932
name_ratio	0.012723542
name_length_ratio	0.011201987
address_length	0.008421616
name_length	0.0077700084
max_name_address	0.0073219226
name_sorted_exact	0.006697323
name_exact	0.0
country_match	0.0
address_exact	0.0
