threshold	macro_f05	predicted	tp	fp	fn
0.87	0.9682777777777778	233	223	10	63
0.89	0.968	229	221	8	65
0.8	0.9679722222222222	240	226	14	60
0.81	0.9679722222222222	238	225	13	61
0.85	0.9677777777777778	234	223	11	63
0.86	0.9677777777777778	234	223	11	63
0.88	0.9677777777777778	232	222	10	64
0.8200000000000001	0.9675555555555556	237	224	13	62
0.8300000000000001	0.9675555555555556	237	224	13	62
0.8400000000000001	0.9675555555555556	237	224	13	62
0.77	0.9674722222222223	247	229	18	57
0.78	0.9674722222222223	247	229	18	57
0.79	0.9669722222222222	244	227	17	59
0.9	0.9665	224	217	7	69
0.76	0.9664722222222223	249	229	20	57
0.75	0.9659700854700854	252	230	22	56
0.91	0.9659166666666668	222	215	7	71
0.915	0.9654166666666667	221	214	7	72
0.92	0.9654166666666667	220	214	6	72
0.72	0.9649700854700854	261	233	28	53
0.925	0.9649166666666668	219	213	6	73
0.74	0.9644700854700855	255	230	25	56
0.73	0.9639700854700854	258	231	27	55
0.93	0.9639166666666668	215	210	5	76
0.935	0.9639166666666668	215	210	5	76
0.68	0.9635534188034188	270	236	34	50
0.7100000000000001	0.9634700854700855	264	233	31	53
0.6900000000000001	0.9630534188034188	269	235	34	51
0.7000000000000001	0.9630534188034188	266	234	32	52
0.9400000000000001	0.9628333333333333	212	207	5	79
0.66	0.9620534188034188	275	237	38	49
0.67	0.9620534188034188	273	236	37	50
0.9450000000000001	0.9619166666666668	208	204	4	82
0.9500000000000001	0.9614166666666667	207	203	4	83
0.65	0.9600534188034188	279	237	42	49
0.9550000000000001	0.9599166666666668	204	200	4	86
0.64	0.9595534188034188	282	238	44	48
0.62	0.9585534188034188	286	239	47	47
0.9600000000000001	0.9585	199	196	3	90
0.6	0.9583311965811966	287	239	48	47
0.61	0.9583311965811966	287	239	48	47
0.63	0.9580534188034189	285	238	47	48
0.9650000000000001	0.9574166666666667	196	193	3	93
0.5700000000000001	0.9568311965811965	298	241	57	45
0.59	0.9568311965811965	292	239	53	47
0.54	0.9563311965811966	301	242	59	44
0.56	0.9563311965811966	299	241	58	45
0.55	0.9558311965811965	300	241	59	45
0.5800000000000001	0.9558311965811965	294	239	55	47
0.9700000000000001	0.9548333333333334	190	187	3	99
0.52	0.9546089743589744	307	243	64	43
0.53	0.9546089743589744	305	242	63	44
0.51	0.9526089743589744	312	243	69	43
0.9750000000000001	0.9523333333333334	183	181	2	105
0.5	0.9513867521367522	315	243	72	43
0.49	0.9503867521367522	317	243	74	43
0.9800000000000001	0.9503333333333334	177	176	1	110
0.48000000000000004	0.9496645299145299	321	244	77	42
0.47000000000000003	0.9477478632478633	326	245	81	41
0.9850000000000001	0.9471666666666667	169	168	1	118
0.46	0.9467478632478633	331	246	85	40
0.45	0.9457478632478633	334	246	88	40
0.43	0.9447478632478633	337	246	91	40
0.44	0.9447478632478633	337	246	91	40
0.42000000000000004	0.9442478632478633	338	246	92	40
0.9900000000000001	0.9435	161	160	1	126
0.4	0.9433034188034188	342	246	96	40
0.41000000000000003	0.9433034188034188	341	246	95	40
0.39	0.9423034188034188	348	247	101	39
0.38	0.9405811965811965	352	247	105	39
0.37	0.9393589743589744	357	247	110	39
0.36000000000000004	0.9383589743589744	361	247	114	39
0.34	0.9383290598290598	369	250	119	36
0.33	0.9373290598290598	371	250	121	36
0.35000000000000003	0.9373290598290598	367	248	119	38
0.32	0.9368290598290598	372	250	122	36
0.31	0.9356068376068376	375	250	125	36
0.3	0.9346068376068376	378	250	128	36
0.29000000000000004	0.9336068376068376	383	251	132	35
0.28	0.9331068376068377	384	251	133	35
0.27	0.9326068376068376	386	251	135	35
0.26	0.9321068376068377	388	251	137	35
0.25	0.9316068376068376	390	251	139	35
0.24000000000000002	0.9301068376068377	394	251	143	35
0.23	0.9276068376068376	400	251	149	35
0.22	0.9261068376068377	404	251	153	35
0.21000000000000002	0.9241068376068376	412	252	160	34
0.2	0.922333261509732	419	252	167	34
0.19	0.9211904043668749	423	252	171	34
0.18000000000000002	0.9201904043668749	431	254	177	32
0.17	0.9179681821446527	436	254	182	32
0.16	0.9159681821446527	447	255	192	31
0.15000000000000002	0.9144229332758744	453	255	198	31
0.14	0.9112007110536522	460	255	205	31
0.13	0.9106152409681822	465	256	209	30
0.12	0.9080874631904043	480	258	222	28
0.11	0.9025001616031026	495	259	236	27
0.09999999999999999	0.9000834949364361	504	261	243	25
0.09	0.8939406377935789	522	262	260	24
0.08	0.8870517489046902	543	263	280	23
0.06999999999999999	0.8822501616031029	563	265	298	21
0.060000000000000005	0.8693313581842994	602	265	337	21
0.05	0.8611585865115278	624	265	359	21
0.04	0.8499064497593911	664	267	397	19
0.03	0.8347220067514185	724	268	456	18
0.02	0.8098087696617109	837	271	566	15
0.01	0.7486339186956835	1089	275	814	11
